{
    "dice_mean": 0.9176962142020735,
    "jacc_mean": 0.8479100103355027,
    "acc_mean": 0.9835315586571167
}