{
    "dice_mean": 0.8710011224686339,
    "jacc_mean": 0.7714809463523454,
    "acc_mean": 0.9751870850503662
}