{
    "dice_mean": 0.8688646171340008,
    "jacc_mean": 0.7681349467934834,
    "acc_mean": 0.9748355021094978
}