{
    "train": {
        "loss": 0.03642519190907478
    },
    "eval": {
        "loss": 0.06838519871234894
    },
    "dice": 0.901144617006209,
    "jaccard_coeff": 0.8200757178356569,
    "step": 30
}