{
    "train": {
        "loss": 0.03280843794345856
    },
    "eval": {
        "loss": 0.12363560497760773
    },
    "dice": 0.8256078370732861,
    "jaccard_coeff": 0.7030086398190711,
    "step": 30
}