{
    "train": {
        "loss": 0.04025794565677643
    },
    "eval": {
        "loss": 0.03959857299923897
    },
    "dice": 0.9205768120298373,
    "jaccard_coeff": 0.8528414270597305,
    "step": 30
}